car_make,car_model
Alfa Romeo,33
Alfa Romeo,75
Alfa Romeo,90
Alfa Romeo,Gt
Alfa Romeo,145
Alfa Romeo,146
Alfa Romeo,147
Alfa Romeo,155
Alfa Romeo,156
Alfa Romeo,159
Alfa Romeo,164
Alfa Romeo,166
Alfa Romeo,Gtv
Alfa Romeo,Mito
Alfa Romeo,Brera
Alfa Romeo,Spider
Alfa Romeo,Sprint
Alfa Romeo,Giulietta
Alfa Romeo,Crosswagon
Asia Motors,Rocsta
Aston Martin,V8
Aston Martin,Db7
Aston Martin,Db9
Aston Martin,Dbs
Aston Martin,Cygnet
Aston Martin,Rapide
Aston Martin,Virage
Aston Martin,Vantage
Aston Martin,Volante
Aston Martin,Vanquish
Aston Martin,V8 Vantage
Aston Martin,Vantage V8
Aston Martin,Vantage V12
Audi,80
Audi,90
Audi,A1
Audi,A2
Audi,A3
Audi,A4
Audi,A5
Audi,A6
Audi,A7
Audi,A8
Audi,Q3
Audi,Q5
Audi,Q7
Audi,R8
Audi,S2
Audi,S3
Audi,S4
Audi,S5
Audi,S6
Audi,S7
Audi,S8
Audi,Tt
Audi,V8
Audi,100
Audi,200
Audi,Rs2
Audi,Rs3
Audi,Rs4
Audi,Rs5
Audi,Rs6
Audi,Sq5
Audi,Tts
Audi,Coupe
Audi,Tt Rs
Audi,Cabriolet
Bmw,X1
Bmw,X3
Bmw,X5
Bmw,X6
Bmw,Z1
Bmw,Z3
Bmw,Z4
Bmw,Z8
Bmw,320
Bmw,325
Bmw,525
Bmw,1600
Bmw,2000
Bmw,Moto
Bmw,116 I
Bmw,3.0 L
Bmw,316 I
Bmw,318 I
Bmw,325 I
Bmw,328 I
Bmw,525 I
Bmw,540 I
Bmw,F 650
Bmw,318 Ti
Bmw,325 Ci
Bmw,325 Is
Bmw,328 Ic
Bmw,330 Ci
Bmw,650 Ic
Bmw,120I Cp
Bmw,Compact
Bmw,Serie 1
Bmw,Serie 3
Bmw,Serie 5
Bmw,Serie 6
Bmw,Serie 7
Bmw,Serie 8
Chana,Van
Chana,Star
Chana,Luxury
Chana,Benni Sc
Chery,Qq
Chery,Yoya
Chery,A 113
Chery,Qq 311
Chevrolet,50
Chevrolet,600
Chevrolet,Chr
Chevrolet,Ftr
Chevrolet,Fvr
Chevrolet,Hhr
Chevrolet,Luv
Chevrolet,Nhr
Chevrolet,Nkr
Chevrolet,Nnr
Chevrolet,Npr
Chevrolet,Wfr
Chevrolet,Luv
Chevrolet,3500
Chevrolet,Alto
Chevrolet,Aveo
Chevrolet,B 60
Chevrolet,B 70
Chevrolet,C 30
Chevrolet,C 70
Chevrolet,N200
Chevrolet,N300
Chevrolet,Sail
Chevrolet,Volt
Chevrolet,Alero
Chevrolet,Astra
Chevrolet,Astro
Chevrolet,Corsa
Chevrolet,Cruze
Chevrolet,D-Max
Chevrolet,Epica
Chevrolet,Jimny
Chevrolet,Kalos
Chevrolet,Matiz
Chevrolet,Monza
Chevrolet,Optra
Chevrolet,Rodeo
Chevrolet,Sonic
Chevrolet,Spark
Chevrolet,Swift
Chevrolet,Tahoe
Chevrolet,Aveo L
Chevrolet,Blazer
Chevrolet,Camaro
Chevrolet,Esteem
Chevrolet,Evanda
Chevrolet,Kodiak
Chevrolet,Lt 500
Chevrolet,Luv Dc
Chevrolet,Malibu
Chevrolet,Nubira
Chevrolet,Sprint
Chevrolet,Tacuma
Chevrolet,Vitara
Chevrolet,Vivant
Chevrolet,Weapon
Chevrolet,Zafira
Chevrolet,Aveo Ls
Chevrolet,Captiva
Chevrolet,Corsa L
Chevrolet,Equinox
Chevrolet,Lacetti
Chevrolet,Luv Tfr
Chevrolet,Luv Tfs
Chevrolet,Npr 729
Chevrolet,Orlando
Chevrolet,Samurai
Chevrolet,Tracker
Chevrolet,Trooper
Chevrolet,Wagon R
Chevrolet,Carryall
Chevrolet,Cavalier
Chevrolet,Chevette
Chevrolet,Chevy C2
Chevrolet,Cheyenne
Chevrolet,Corsa Gl
Chevrolet,Corvette
Chevrolet,Esteem L
Chevrolet,Npr 100P
Chevrolet,Spark Go
Chevrolet,Spark Ls
Chevrolet,Suburban
Chevrolet,Swift Gl
Chevrolet,Aveo Five
Chevrolet,Corsa Gls
Chevrolet,Kingswood
Chevrolet,Luv D Max
Chevrolet,Luv Kb 41
Chevrolet,Silverado
Chevrolet,Sin Linea
Chevrolet,Sport Van
Chevrolet,Blazer 310
Chevrolet,Chevy Taxy
Chevrolet,Cheyenne C
Chevrolet,Corsa Wind
Chevrolet,Kodiak 156
Chevrolet,Kodiak 241
Chevrolet,Luv Basica
Chevrolet,Luv Tfs 41
Chevrolet,Taxi Power
Chevrolet,Aveo Family
Chevrolet,Cheviblazer
Chevrolet,Kodiak 7500
Chevrolet,Luv Tfs Dlx
Chevrolet,Spark Local
Chevrolet,Super Carry
Chevrolet,Trailblazer
Chevrolet,Trans Sport
Chevrolet,Trooper 960
Chevrolet,Super Carry
Chevrolet,Grand Blazer
Chevrolet,Grand Vitara
Chevrolet,Trail Blazer
Chevrolet,724
Chrysler,300C
Chrysler,300M
Chrysler,Neon
Chrysler,Viper
Chrysler,Vision
Chrysler,Sebring
Chrysler,Stratus
Chrysler,Voyager
Chrysler,Le Baron
Chrysler,Saratoga
Chrysler,Crossfire
Chrysler,New Yorker
Chrysler,Pt Cruiser
Citroen,Ax
Citroen,Bx
Citroen,C1
Citroen,C2
Citroen,C3
Citroen,C4
Citroen,C5
Citroen,C6
Citroen,C8
Citroen,Cx
Citroen,Xm
Citroen,Zx
Citroen,2Cv
Citroen,C15
Citroen,C25
Citroen,Ds3
Citroen,Ds4
Citroen,Ds5
Citroen,Gsa
Citroen,Lna
Citroen,Nemo
Citroen,Saxo
Citroen,Visa
Citroen,C5 Sx
Citroen,Czero
Citroen,Jumpy
Citroen,Sport
Citroen,Xsara
Citroen,Jumper
Citroen,Xantia
Citroen,Celysee
Citroen,Evasion
Citroen,Berlingo
Citroen,C4 Sedan
Citroen,Ccrosser
Citroen,C3 Picasso
Citroen,C3 Pluriel
Citroen,C4 Picasso
Citroen,C4 Aircross
Dacia,Tx
Dacia,1300
Dacia,1410
Dacia,Lodgy
Dacia,Logan
Dacia,Contac
Dacia,Duster
Dacia,Sandero
Daewoo,Tico
Daewoo,Cielo
Daewoo,Kalos
Daewoo,Lanos
Daewoo,Matiz
Daewoo,Nexia
Daewoo,Optra
Daewoo,Racer
Daewoo,Aranos
Daewoo,Espero
Daewoo,Evanda
Daewoo,Nubira
Daewoo,Tacuma
Daewoo,Compact
Daewoo,Lacetti
Daewoo,Lanos S
Daewoo,Leganza
Daewoo,Cielo Bx
Daewoo,Lanos Se
Daewoo,Cielo Gle
Daewoo,Racer Gti
Daewoo,Sonata Gl
Daewoo,Sonata Gls
Daihatsu,Yrv
Daihatsu,Delta
Daihatsu,Rocky
Daihatsu,Feroza
Daihatsu,Porter
Daihatsu,Sirion
Daihatsu,Terios
Daihatsu,Charade
Daihatsu,Applause
Daihatsu,Gran Move
Daihatsu,Charade G10
Daihatsu,H100 Porter
Dfm,Eq1020Tf
Dfm,Sin Linea
Dodge,Ram
Dodge,D 100
Dodge,Nitro
Dodge,Viper
Dodge,Weapon
Dodge,Avenger
Dodge,Caliber
Dodge,Journey
Dodge,Ram 1500
Fiat,125
Fiat,500
Fiat,600
Fiat,Uno
Fiat,2200
Fiat,2300
Fiat,500C
Fiat,500L
Fiat,Idea
Fiat,Qubo
Fiat,Tipo
Fiat,Brava
Fiat,Bravo
Fiat,Coupe
Fiat,Croma
Fiat,Doblo
Fiat,Linea
Fiat,Marea
Fiat,Palio
Fiat,Panda
Fiat,Punto
Fiat,Ritmo
Fiat,Siena
Fiat,Stilo
Fiat,Uno S
Fiat,147 Gl
Fiat,Ducato
Fiat,Premio
Fiat,Regata
Fiat,Sedici
Fiat,Strada
Fiat,Tempra
Fiat,Ulysse
Fiat,Argenta
Fiat,Fiorino
Fiat,Talento
Fiat,Applause
Fiat,Freemont
Fiat,Multipla
Fiat,Seicento
Fiat,Siena Hl
Fiat,Uno Fire
Fiat,Barchetta
Fiat,Palio Edx
Fiat,Palio Elx
Fiat,Punto Evo
Fiat,Palio Fire
Fiat,Cinquecento
Fiat,Doblo Cargo
Fiat,Palio Young
Ford,Ka
Ford,300
Ford,600
Ford,Xlt
Ford,4500
Ford,8000
Ford,9000
Ford,Bmax
Ford,Cmax
Ford,Kuga
Ford,Lobo
Ford,Puma
Ford,R-90
Ford,Smax
Ford,Edge
Ford,Capri
Ford,Cargo
Ford,F 150
Ford,F 350
Ford,F 800
Ford,Focus
Ford,Laser
Ford,Orion
Ford,Probe
Ford,Scape
Ford,F 450
Ford,9F1N3M
Ford,Blazer
Ford,Cougar
Ford,Escape
Ford,Escort
Ford,F 7000
Ford,F26D47
Ford,Fiesta
Ford,Fusion
Ford,Galaxy
Ford,L-8000
Ford,Mondeo
Ford,Ranger
Ford,Sierra
Ford,Torino
Ford,Van 20
Ford,Cortina
Ford,Courier
Ford,Festiva
Ford,Granada
Ford,Lt 8000
Ford,Mercury
Ford,Mustang
Ford,Pick Up
Ford,Scorpio
Ford,Tractor
Ford,Transit
Ford,Van 350
Ford,Coupe Fx
Ford,Ecosport
Ford,Explorer
Ford,F 150 Xl
Ford,Maverick
Ford,Streetka
Ford,Econoline
Ford,F 150 Xlt
Ford,Ranger Xl
Ford,Club Wagon
Ford,Escape Xls
Ford,Expedition
Ford,Focus Cmax
Ford,Grand Cmax
Ford,Sport Trac
Ford,Super Duty
Ford,Ecoline 200
Ford,Eddie Bauer
Ford,Explorer Xl
Foton,Van
Foton,Za08A2
Gmc,350
Gmc,C70
Gmc,Gmc
Gmc,Top
Gmc,7000
Gmc,Jimmy
Gmc,General
Gmc,Spartak
Gmc,Brigadier
Gmc,Silverado
Great Wall,Wingle
Great Wall,Haval H5
Hafei,Minyi
Honda,125
Honda,200
Honda,250
Honda,Crv
Honda,Crx
Honda,Crz
Honda,Fit
Honda,Frv
Honda,Hrv
Honda,Nsx
Honda,C 10
Honda,Jazz
Honda,Logo
Honda,Mara
Honda,C100
Honda,Civic
Honda,Pilot
Honda,S2000
Honda,Accord
Honda,Crv Ex
Honda,Hornet
Honda,Legend
Honda,Stream
Honda,Xl 125
Honda,Xl 185
Honda,Xl 200
Honda,Xr 250
Honda,Tempra
Honda,Cbf 150
Honda,Crv 5Dr
Honda,Eco 100
Honda,Insight
Honda,Prelude
Honda,Xr 250L
Honda,Aero 100
Honda,Concerto
Honda,Gyros 50
Honda,Splendor
Honda,Twinstar
Honda,Elite 125
Honda,Odyssey Ex
Hummer,H1
Hummer,H2
Hummer,H3
Hummer,H3T
Hyundai,L
Hyundai,Fx
Hyundai,H1
Hyundai,Xg
Hyundai,I10
Hyundai,I20
Hyundai,I30
Hyundai,I40
Hyundai,Atos
Hyundai,Getz
Hyundai,H100
Hyundai,I 10
Hyundai,I 30
Hyundai,I800
Hyundai,Ix20
Hyundai,Ix35
Hyundai,Ix55
Hyundai,Pony
Hyundai,Coupe
Hyundai,Excel
Hyundai,Grace
Hyundai,Hd 65
Hyundai,Hd 72
Hyundai,Hd 78
Hyundai,Sedan
Hyundai,Sport
Hyundai,Verna
Hyundai,Accent
Hyundai,Atos S
Hyundai,County
Hyundai,Gls Fx
Hyundai,Hd 120
Hyundai,Hd 270
Hyundai,Lantra
Hyundai,Matrix
Hyundai,Porter
Hyundai,Santro
Hyundai,Scoupe
Hyundai,Sonata
Hyundai,Starex
Hyundai,Trajet
Hyundai,Tucson
Hyundai,Atos Gl
Hyundai,Elantra
Hyundai,Excel L
Hyundai,Genesis
Hyundai,Getz Gl
Hyundai,Hdf15-5
Hyundai,Hdf18-5
Hyundai,Hl730-7
Hyundai,I 10 Gl
Hyundai,Santamo
Hyundai,Tiburon
Hyundai,Accent L
Hyundai,Coupe Fx
Hyundai,Equus Gl
Hyundai,Excel Gs
Hyundai,Excel Ls
Hyundai,Get Z Gl
Hyundai,Getz Gls
Hyundai,Grandeur
Hyundai,H1512D-A
Hyundai,Hdf70-7S
Hyundai,Hlf20C-5
Hyundai,I 30 Gls
Hyundai,Santa Fe
Hyundai,Terracan
Hyundai,Tu518G-4
Hyundai,Veloster
Hyundai,Verna Gl
Hyundai,Accent 4D
Hyundai,Accent Gl
Hyundai,Accent Gs
Hyundai,Accent Ls
Hyundai,Avante Gl
Hyundai,Excel Gls
Hyundai,Grace Dlx
Hyundai,Grace Van
Hyundai,H1 Aa Esp
Hyundai,R210Nlc-7
Hyundai,Santro Gl
Hyundai,Scoupe Ls
Hyundai,Sonata Fl
Hyundai,Sonata Gl
Hyundai,Starex H1
Hyundai,Tucson Gl
Hyundai,Accent Gls
Hyundai,Accent I25
Hyundai,Accent Web
Hyundai,Atos Prime
Hyundai,Avante Gls
Hyundai,Elantra Gl
Hyundai,Genesis Gl
Hyundai,H-1 Starex
Hyundai,H100 Truck
Hyundai,I10 Gl 1.1
Hyundai,Santafe Gl
Hyundai,Sonata Gls
Hyundai,Starex Van
Hyundai,Super Pony
Hyundai,Tiburon Fx
Hyundai,Tucson Gls
Hyundai,Accent Gyro
Hyundai,Accent Next
Hyundai,Elantra Gls
Hyundai,Grace H 100
Hyundai,Gran Saloon
Hyundai,H100 Porter
Hyundai,New Elantra
Hyundai,Santafe Gls
Hyundai,Santafe Mlx
Hyundai,Terracan Gl
Hyundai,Veracruz Gl
Hyundai,Tucson Ix35
Isuzu,Frr
Isuzu,Luv
Isuzu,Npr
Isuzu,Dmax
Isuzu,D Max
Isuzu,Rodeo
Isuzu,Pick Up
Isuzu,Trooper
Isuzu,Trroper
Isuzu,Rodeo Ls
Iveco,4010
Iveco,Daily
Iveco,Massif
Iveco,Daily 3510
Iveco-Pegaso,Duty
Iveco-Pegaso,Daily
Jbc,Jbc 1030
Jeep,Willys
Jeep,Compass
Jeep,Patriot
Jeep,Cherokee
Jeep,Wrangler
Jeep,Commander
Kia,Rio
Kia,2700
Kia,Ceed
Kia,Soul
Kia,Joice
Kia,K2500
Kia,K2700
Kia,Pride
Kia,Rio L
Kia,Shuma
Kia,Venga
Kia,Carens
Kia,Cerato
Kia,Clarus
Kia,K 2700
Kia,Opirus
Kia,Optima
Kia,Pregio
Kia,Rio Ex
Kia,Sedona
Kia,Sephia
Kia,Picanto
Kia,Pride L
Kia,Proceed
Kia,Sorento
Kia,Spectra
Kia,Carnival
Kia,Eko Taxi
Kia,K 3000 S
Kia,Magentis
Kia,Sportage
Kia,Carens Lx
Kia,Cerato Lx
Kia,K 2700 Dc
Kia,Mohave Ex
Kia,Rio Ub Ex
Kia,Rio Xcite
Kia,Sephia Gs
Kia,Sephia Ii
Kia,Picanto Ex
Kia,Picanto Lx
Kia,Picanto Mt
Kia,Rio 5-5 Ls
Kia,Rio Sephia
Kia,Rio Stylus
Kia,Sorento Ex
Kia,Sorento Lx
Kia,Magentis Lx
Kia,Cerato Forte
Kia,New Sportage
Lancia,K
Lancia,Y
Lancia,Z
Lancia,Y10
Lancia,A112
Lancia,Musa
Lancia,Zeta
Lancia,Dedra
Lancia,Delta
Lancia,Kappa
Lancia,Lybra
Lancia,Thema
Lancia,Trevi
Lancia,Phedra
Lancia,Prisma
Lancia,Thesis
Lancia,Voyager
Lancia,Ypsilon
Land Rover,Jeep
Land Rover,Santana
Land Rover,Defender
Land Rover,Range Rover
Mahindra,Cj
Mahindra,Goa
Mahindra,Thar
Mahindra,Pikup
Mahindra,Bolero
Mahindra,Goa Pickup
Mazda,2
Mazda,3
Mazda,5
Mazda,6
Mazda,T
Mazda,121
Mazda,323
Mazda,626
Mazda,929
Mazda,Cx5
Mazda,Cx7
Mazda,Mpv
Mazda,Mx3
Mazda,Mx5
Mazda,Mx6
Mazda,Rx7
Mazda,Rx8
Mazda,Bt50
Mazda,Cx-9
Mazda,M3X5
Mazda,T 45
Mazda,626 L
Mazda,B2500
Mazda,Bt 50
Mazda,Demio
Mazda,1Aan6M
Mazda,1Alh3M
Mazda,1Alh6M
Mazda,323 He
Mazda,323 Hs
Mazda,323 Nb
Mazda,323 Ns
Mazda,323 Nt
Mazda,323 Nx
Mazda,323 Sp
Mazda,3Lfha5
Mazda,3Z6Nm5
Mazda,3Z6Nm7
Mazda,626 Lx
Mazda,626Nao
Mazda,626Nm8
Mazda,6L3Na4
Mazda,Astina
Mazda,B 2000
Mazda,B 2200
Mazda,B 2600
Mazda,B220Di
Mazda,B220Pe
Mazda,B220Pi
Mazda,B22Dc3
Mazda,B26027
Mazda,B26Cs9
Mazda,B26D47
Mazda,B26Dc3
Mazda,B26Dc9
Mazda,Mazda2
Mazda,Mazda3
Mazda,Mazda5
Mazda,Mazda6
Mazda,323 Hbi
Mazda,323 N8A
Mazda,323 Nei
Mazda,323 Nts
Mazda,626 Glx
Mazda,626 Nmo
Mazda,Allegro
Mazda,Premacy
Mazda,Serie B
Mazda,Tribute
Mazda,Xedos 6
Mazda,Xedos 9
Mazda,323 N 6M
Mazda,626 Asahi
Mazda,323 Astina
Mazda,Mazda B2200
Mazda,626 Matsuri
Mazda,626 Milenium
Mercedes Benz,Mb
Mercedes Benz,160
Mercedes Benz,230
Mercedes Benz,300
Mercedes Benz,323
Mercedes Benz,2800
Mercedes Benz,9000
Mercedes Benz,914C
Mercedes Benz,190 E
Mercedes Benz,300 E
Mercedes Benz,320 C
Mercedes Benz,320 I
Mercedes Benz,350 E
Mercedes Benz,500 E
Mercedes Benz,B 180
Mercedes Benz,B263S
Mercedes Benz,E 200
Mercedes Benz,E 350
Mercedes Benz,F-350
Mercedes Benz,C180 K
Mercedes Benz,560 Sel
Mercedes Benz,C 180 T
Mercedes Benz,Glk 280
Mercedes Benz,O 500 M
Mercedes Benz,Sprinter
Mercedes Benz,C 200 Cgi
Mercedes Benz,Universal
Mercedes Benz,Compressor
Mg,A
Mg,Tf
Mg,Zr
Mg,Zs
Mg,Zt
Mg,Mgf
Mg,Ztt
Mg,Mini
Mg,Paceman
Mg,Countryman
Mini,Mini
Mini,Morris
Mini,Paceman
Mini,Countryman
Mitsubishi,Asx
Mitsubishi,Colt
Mitsubishi,L200
Mitsubishi,Imiev
Mitsubishi,L 200
Mitsubishi,L 300
Mitsubishi,Space
Mitsubishi,V43Wa
Mitsubishi,300 Gt
Mitsubishi,Canter
Mitsubishi,Galant
Mitsubishi,L 1300
Mitsubishi,Lancer
Mitsubishi,Nativa
Mitsubishi,V11Vna
Mitsubishi,V13Vna
Mitsubishi,V43Waa
Mitsubishi,3000 Gt
Mitsubishi,Carisma
Mitsubishi,Eclipse
Mitsubishi,Grandis
Mitsubishi,Montero
Mitsubishi,Santamo
Mitsubishi,Sportero
Mitsubishi,Montero L
Mitsubishi,Outlander
Mitsubishi,L 200 2.5L
Mitsubishi,L 200 3.2L
Mitsubishi,L 300 2.0L
Mitsubishi,L 300 2.5L
Mitsubishi,Lancer Glx
Mitsubishi,Montero Gl
Mitsubishi,Montero Io
Mitsubishi,New Lancer
Mitsubishi,Space Gear
Mitsubishi,Space Star
Mitsubishi,Montero Gls
Mitsubishi,Montero V 6
Mitsubishi,Space Wagon
Mitsubishi,Montero 3.2L
Mitsubishi,Space Runner
Mitsubishi Fuso,Canter
Nissan,D21
Nissan,D22
Nissan,Gtr
Nissan,U41
Nissan,Z24
Nissan,350Z
Nissan,370Z
Nissan,B 14
Nissan,Cube
Nissan,Juke
Nissan,Leaf
Nissan,Note
Nissan,Pixo
Nissan,Tk55
Nissan,Lg 60
Nissan,Micra
Nissan,Np300
Nissan,Sunny
Nissan,T5U41
Nissan,Tiida
Nissan,Trade
Nissan,Ud 21
Nissan,Urvan
Nissan,Urvan
Nissan,Versa
Nissan,Np300
Nissan,100 Nx
Nissan,200 Sx
Nissan,300 Zx
Nissan,Almera
Nissan,Camion
Nissan,Evalia
Nissan,Maxima
Nissan,Murano
Nissan,Navara
Nissan,Patrol
Nissan,Pickup
Nissan,Sentra
Nissan,Serena
Nissan,Xtrail
Nissan,Cabstar
Nissan,Prairie
Nissan,Primera
Nissan,Qashqai
Nissan,Samurai
Nissan,Terrano
Nissan,Vanette
Nissan,X-Trail
Nissan,Vanette
Nissan,Ad Wagon
Nissan,Bluebird
Nissan,Charmant
Nissan,Frontier
Nissan,King Cab
Nissan,Qashqai2
Nissan,Quest Se
Nissan,Urvan Dx
Nissan,Urvan Gl
Nissan,Frontier
Nissan,Almera Sg
Nissan,Blue Bird
Nissan,Cabstar E
Nissan,D22/Np300
Nissan,Maxima Qx
Nissan,Patrol Gl
Nissan,Patrol Gr
Nissan,Trade 100
Nissan,Almera Slx
Nissan,Montacarga
Nissan,Pathfinder
Nissan,Primera Gx
Nissan,Sentra 2.0
Nissan,Sentra B13
Nissan,Sentra B14
Nissan,Sentra Slx
Nissan,Terrano Ii
Nissan,Almera Tino
Nissan,Pickup 135K
Nissan,Frontier D22
Nissan,Pathfinder L
Nissan,Patrol Gl 61
Nissan,D22 Frontier
Peugeot,J5
Peugeot,106
Peugeot,107
Peugeot,205
Peugeot,206
Peugeot,207
Peugeot,208
Peugeot,306
Peugeot,307
Peugeot,308
Peugeot,309
Peugeot,405
Peugeot,406
Peugeot,407
Peugeot,505
Peugeot,508
Peugeot,604
Peugeot,605
Peugeot,607
Peugeot,806
Peugeot,807
Peugeot,Ion
Peugeot,Rcz
Otras marcas,Otras marcas
Peugeot,3008
Peugeot,4007
Peugeot,4008
Peugeot,5008
Peugeot,Boxer
Peugeot,Gl 10
Peugeot,206 Sw
Peugeot,206 Xr
Peugeot,306 Rx
Peugeot,306 Sl
Peugeot,306 Xs
Peugeot,307 Sw
Peugeot,407 Sw
Peugeot,605 Sr
Peugeot,Bipper
Peugeot,Partner
Peugeot,206 Xline
Renault,R4
Renault,R5
Renault,R6
Renault,R9
Renault,350
Renault,4Cv
Renault,R 4
Renault,R 9
Renault,R11
Renault,R18
Renault,R19
Renault,R21
Renault,R25
Renault,1129
Renault,Clio
Renault,R 10
Renault,R 12
Renault,R 19
Renault,Wind
Renault,Fuego
Renault,Logan
Renault,Modus
Renault,Scala
Renault,Alpine
Renault,Citius
Renault,Duster
Renault,Espace
Renault,Etoile
Renault,Kangoo
Renault,Koleos
Renault,Laguna
Renault,Master
Renault,Maxity
Renault,Megane
Renault,Nevada
Renault,R 6 Tl
Renault,Scenic
Renault,Spider
Renault,Symbol
Renault,Trafic
Renault,Twingo
Renault,Clio Rn
Renault,Express
Renault,Floride
Renault,Fluence
Renault,Mascott
Renault,R 9 Gtl
Renault,R 9 Gts
Renault,Safrane
Renault,Sandero
Renault,Stepway
Renault,Avantime
Renault,Latitude
Renault,R 18 Gtx
Renault,R 9 Brio
Renault,Clio Cool
Renault,Scenic Ii
Renault,Sin Linea
Renault,Symbol Ii
Renault,Vel Satis
Renault,Kangoo F76
Renault,Clio Campus
Renault,Grand Modus
Renault,R 19 Energy
Renault,Symbol Luxe
Renault,Grand Espace
Renault,Grand Scenic
Renault,Kangoo Combi
Renault,Symbol Alize
Rover,25
Rover,45
Rover,75
Rover,Sd
Rover,100
Rover,200
Rover,400
Rover,600
Rover,800
Rover,Mini
Rover,Coupe
Rover,Morris
Rover,Ranger
Rover,Cabriolet
Rover,Streetwise
Saab,93
Saab,95
Saab,900
Saab,93X
Saab,94X
Saab,9000
Saic Chery,Qq
Seat,Mii
Seat,Exeo
Seat,Inca
Seat,Leon
Seat,Altea
Seat,Arosa
Seat,Ibiza
Seat,Ronda
Seat,Terra
Seat,Altea
Seat,Malaga
Seat,Toledo
Seat,Cordoba
Seat,Alhambra
Seat,Altea Xl
Seat,Marbella
Seat,Ibiza Style
Skoda,S
Skoda,130
Skoda,Yeti
Skoda,Combi
Skoda,Fabia
Skoda,Rapid
Skoda,Scout
Skoda,Citigo
Skoda,Forman
Skoda,Pickup
Skoda,Superb
Skoda,Favorit
Skoda,Felicia
Skoda,Octavia
Skoda,Roomster
Skoda,Pick Up Lx
Smart,Smart
Smart,Cabrio
Smart,Fortwo
Smart,Forfour
Smart,Fort Wo
Smart,Roadster
Smart,Citycoupe
Smart,Crossblade
Ssangyong,K4D
Ssangyong,Kyron
Ssangyong,Musso
Ssangyong,Actyon
Ssangyong,Family
Ssangyong,Rexton
Ssangyong,Rodius
Ssangyong,Kodando
Ssangyong,Korando
Ssangyong,Kyron G23
Ssangyong,Rexton Ii
Ssangyong,Ssangyong
Ssangyong,Korando Kj
Ssangyong,Actyon G23D
Subaru,Xt
Subaru,Xv
Subaru,Brz
Subaru,Svx
Subaru,1800
Subaru,Justy
Subaru,Wagon
Subaru,Legacy
Subaru,Trezia
Subaru,Impreza
Subaru,Outback
Subaru,Tribeca
Subaru,Wrx Sti
Subaru,Forester
Subaru,G3X Justy
Subaru,Legacy Gl
Subaru,B9 Tribeca
Suzuki,Ta
Suzuki,125
Suzuki,250
Suzuki,Sx4
Suzuki,Alto
Suzuki,Ignis
Suzuki,Jimny
Suzuki,Liana
Suzuki,Lj 80
Suzuki,Swift
Suzuki,Baleno
Suzuki,Dl 650
Suzuki,Dr 200
Suzuki,Dr 250
Suzuki,Dr 650
Suzuki,Enduro
Suzuki,Gn 125
Suzuki,Gs 125
Suzuki,Gs 500
Suzuki,Gsx750
Suzuki,Maruti
Suzuki,Splash
Suzuki,Ts 100
Suzuki,Ts 125
Suzuki,Vitara
Suzuki,Xf 650
Suzuki,Kizashi
Suzuki,Samurai
Suzuki,Wagon R
Suzuki,Gs 150 R
Suzuki,Viva 115
Suzuki,Freewind
Suzuki,Jimny Jlx
Suzuki,Hyter 1110
Suzuki,Scoupe 1.5
Suzuki,Vitara Jlx
Suzuki,Super Carry
Suzuki,Grand Vitara
Toyota,3F
Toyota,Iq
Toyota,Mr2
Toyota,Rav
Toyota,Aygo
Toyota,Dyna
Toyota,Gt86
Toyota,Rav4
Toyota,Auris
Toyota,Camry
Toyota,Fj 62
Toyota,Hilux
Toyota,Lexus
Toyota,Macho
Toyota,Paseo
Toyota,Prado
Toyota,Prius
Toyota,Rav 4
Toyota,Supra
Toyota,Verso
Toyota,Yaris
Toyota,Celica
Toyota,Picnic
Toyota,Previa
Toyota,Runner
Toyota,Tundra
Toyota,Fzj 80
Toyota,4Runner
Toyota,Avensis
Toyota,Corolla
Toyota,Samurai
Toyota,Santamo
Toyota,Toyopet
Toyota,Avensis
Toyota,Carina E
Toyota,Fortuner
Toyota,Hilux Hv
Toyota,Hilux Et
Toyota,Hilux Ew
Toyota,Hilux Ex
Toyota,Prado 4L
Toyota,Prado Gx
Toyota,Prado Vx
Toyota,Rav4 4Wd
Toyota,4 Runner
Toyota,Hilux 4X4
Toyota,Prado Dlx
Toyota,Prado Ego
Toyota,Prado Vxa
Toyota,Prado Vxm
Toyota,Sahara Vx
Toyota,Prado Sumo
Toyota,Prado Tx-L
Toyota,Sahara Vrx
Toyota,Compact Sr5
Toyota,Corolla Gli
Toyota,Fortuner Tk
Toyota,Fortuner Tu
Toyota,Fortuner Tw
Toyota,Hilux E 4Wd
Toyota,Uzj 100 Std
Toyota,Vdj 200 Std
Toyota,Yaris Verso
Toyota,Land Cruiser
Volkswagen,Cc
Volkswagen,Lt
Volkswagen,Up
Volkswagen,Eos
Volkswagen,Fox
Volkswagen,Gol
Volkswagen,Bora
Volkswagen,Golf
Volkswagen,Lupo
Volkswagen,Polo
Volkswagen,Taro
Volkswagen,Caddy
Volkswagen,Carat
Volkswagen,Combi
Volkswagen,Jetta
Volkswagen,Kombi
Volkswagen,Lt 35
Volkswagen,Vento
Volkswagen,Amarok
Volkswagen,Beetle
Volkswagen,Gol Cl
Volkswagen,Gol Mi
Volkswagen,Passat
Volkswagen,Sharan
Volkswagen,Tiguan
Volkswagen,Touran
Volkswagen,Corrado
Volkswagen,Crafter
Volkswagen,Gol Cli
Volkswagen,Gol Gti
Volkswagen,Golf Gl
Volkswagen,Phaeton
Volkswagen,Santana
Volkswagen,Touareg
Volkswagen,Vw Lt31
Volkswagen,Gol Plus
Volkswagen,Jetta Gl
Volkswagen,Multivan
Volkswagen,Scirocco
Volkswagen,T5 Kombi
Volkswagen,Cabriolet
Volkswagen,Caravelle
Volkswagen,Cross Fox
Volkswagen,Gol Power
Volkswagen,Golf Plus
Volkswagen,Passat Cc
Volkswagen,Voyage Ls
Volkswagen,California
Volkswagen,Escarabajo
Volkswagen,New Beetle
Volkswagen,Jetta Turbo
Volkswagen,Transporter
Volvo,240
Volvo,340
Volvo,360
Volvo,440
Volvo,460
Volvo,480
Volvo,740
Volvo,760
Volvo,780
Volvo,850
Volvo,940
Volvo,960
Volvo,Bus
Volvo,C30
Volvo,C70
Volvo,S40
Volvo,S60
Volvo,S70
Volvo,S80
Volvo,S90
Volvo,V40
Volvo,V50
Volvo,V60
Volvo,V70
Volvo,V90
Volvo,V40
Volvo,A25E
Volvo,Xc60
Volvo,Xc70
Volvo,Xc90
Volvo,V70 Xc
Volvo,Classic
Volvo,V70 Classic
Wuling,N 300
Wuling,Wuling 970
Zongshen,Hummer
Zongshen,Ranger
Zotye,Xs6405-C
